{
  "web": {
    "client_id": "560775166705-bhph1g8hn8el8lg36dnieeusc8fhs4l4.apps.googleusercontent.com",
    "project_id": "gen-lang-client-0804178165",
    "auth_uri": "https://accounts.google.com/o/oauth2/auth",
    "token_uri": "https://oauth2.googleapis.com/token",
    "auth_provider_x509_cert_url": "https://www.googleapis.com/oauth2/v1/certs",
    "client_secret": "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",
    "redirect_uris": [
      "http://localhost:8080/",
      "http://127.0.0.1:8080/",
      "http://localhost:8080",
      "http://127.0.0.1:8080",
      "http://localhost:64878/",
      "http://localhost:5000/api/youtube/auth/callback"
    ]
  }
}